﻿<?xml version="1.0" encoding="utf-8"?>
<Package xmlns="http://schemas.microsoft.com/appx/manifest/foundation/windows10" xmlns:uap="http://schemas.microsoft.com/appx/manifest/uap/windows10" xmlns:uap2="http://schemas.microsoft.com/appx/manifest/uap/windows10/2" xmlns:uap3="http://schemas.microsoft.com/appx/manifest/uap/windows10/3" xmlns:uap4="http://schemas.microsoft.com/appx/manifest/uap/windows10/4" xmlns:rescap="http://schemas.microsoft.com/appx/manifest/foundation/windows10/restrictedcapabilities" xmlns:rescap3="http://schemas.microsoft.com/appx/manifest/foundation/windows10/restrictedcapabilities/3" xmlns:desktop="http://schemas.microsoft.com/appx/manifest/desktop/windows10" xmlns:desktop2="http://schemas.microsoft.com/appx/manifest/desktop/windows10/2" xmlns:com="http://schemas.microsoft.com/appx/manifest/com/windows10" xmlns:wincap3="http://schemas.microsoft.com/appx/manifest/foundation/windows10/windowscapabilities/3" IgnorableNamespaces="uap4 wincap3 rescap3 desktop2 com">
  <Identity Name="63764Meltytech.Shotcut" ProcessorArchitecture="x64" Publisher="CN=8BAA9DB9-77D3-4EAC-BE1B-8F5F951123CB" Version="19.6.15.0" />
  <Properties>
    <DisplayName>Shotcut</DisplayName>
    <PublisherDisplayName>Meltytech</PublisherDisplayName>
    <Logo>Assets\StoreLogo.png</Logo>
  </Properties>
  <Resources>
    <Resource Language="en" />
    <Resource Language="ca" />
    <Resource Language="cs" />
    <Resource Language="da" />
    <Resource Language="de" />
    <Resource Language="el" />
    <Resource Language="en-GB" />
    <Resource Language="es" />
    <Resource Language="et" />
    <Resource Language="fi" />
    <Resource Language="fr" />
    <Resource Language="hu" />
    <Resource Language="it" />
    <Resource Language="ja" />
    <Resource Language="nb" />
    <Resource Language="ne" />
    <Resource Language="nl" />
    <Resource Language="nn" />
    <Resource Language="pl" />
    <Resource Language="pt-BR" />
    <Resource Language="pt-PT" />
    <Resource Language="ru" />
    <Resource Language="sk" />
    <Resource Language="sl" />
    <Resource Language="sv" />
    <Resource Language="tr" />
    <Resource Language="uk" />
    <Resource Language="zh-CN" />
    <Resource Language="zh-TW" />
    <Resource uap:Scale="100" />
    <Resource uap:Scale="125" />
    <Resource uap:Scale="150" />
    <Resource uap:Scale="200" />
    <Resource uap:Scale="400" />
  </Resources>
  <Dependencies>
    <TargetDeviceFamily Name="Windows.Desktop" MinVersion="10.0.14393.0" MaxVersionTested="10.0.16299.15" />
  </Dependencies>
  <Capabilities>
    <rescap:Capability Name="runFullTrust" />
    <Capability Name="internetClient" />
  </Capabilities>
  <Applications>
    <Application Id="Shotcut" Executable="shotcut.exe" EntryPoint="Windows.FullTrustApplication">
      <uap:VisualElements DisplayName="Shotcut" Description="Shotcut" BackgroundColor="transparent" Square150x150Logo="Assets\Square150x150Logo.png" Square44x44Logo="Assets\Square44x44Logo.png">
        <uap:DefaultTile Wide310x150Logo="Assets\Wide310x150Logo.png" Square310x310Logo="Assets\Square310x310Logo.png" Square71x71Logo="Assets\Square71x71Logo.png">
          <uap:ShowNameOnTiles>
            <uap:ShowOn Tile="square150x150Logo" />
            <uap:ShowOn Tile="wide310x150Logo" />
            <uap:ShowOn Tile="square310x310Logo" />
          </uap:ShowNameOnTiles>
        </uap:DefaultTile>
      </uap:VisualElements>
      <Extensions>
        <uap:Extension Category="windows.fileTypeAssociation">
          <uap:FileTypeAssociation Name=".mlt">
            <uap:DisplayName>MLT XML</uap:DisplayName>
			<uap:Logo>Assets\Square44x44Logo.png</uap:Logo>
            <uap:SupportedFileTypes>
              <uap:FileType ContentType="application/vnd.mlt+xml">.mlt</uap:FileType>
            </uap:SupportedFileTypes>
          </uap:FileTypeAssociation>
        </uap:Extension>
      </Extensions>
    </Application>
  </Applications>
</Package>